State,City,Location,Name,Contact
Bihar,All over Bihar,All,Help Now Ambulance Service,8899889952
Bihar,All over Bihar,All,Rescue 101,09667937933 08822288222
Bihar,Muzaffarpur,All,-,9570040300
Bihar,Patna,All,Advantage Ambulance Services,7488034824
Delhi,Delhi,All,Sameer Jamwal,9810324294
Delhi,Delhi,Delhi NCR,Sant Shiv Seva Foubdation,9717263888
Delhi,Delhi,Delhi NCR,Vayuu Health,9889886611
Jharkhand,Bokaro,All,Baba Ambulance Services,9934578230
Jharkhand,Dhanbad,All,Wajid Khan,8873914097
Karnataka,Bangalore,All,Help Now Ambulance Service,8899889952
Kerala,All over Kerala,All,Goverment Services,108
Madhya Pradesh,Bhopal,All,Vayuu Health,9889886611
Maharashtra,Mumbai,All,Help Now Ambulance Service,8899889952
Maharashtra,Mumbai,All,Sardal Alam,8448767431
Maharashtra,Pune,All,Help Now Ambulance Service,8899889952
Maharashtra,Thane,All,City Height Ambulance Service,9867722431
Odisha,Keonjhar,All,-,06766255426 06766255495 7657066099
Punjab,All over Punjab,All,Help Now Ambulance Service,8899889952
Uttar Pradesh,All over Uttar Pradesh,All,Vayuu Health,9889886611
Uttar Pradesh,Bhadohi,All,Rakshak Ambulance,06390005401 06390005402 09454115323
Uttar Pradesh,Chandauli,All,Rakshak Ambulance,06390005401 06390005402 09454115323
Uttar Pradesh,Ghazipur,All,Rakshak Ambulance,06390005401 06390005402 09454115323
Uttar Pradesh,Jaunpur,All,Rakshak Ambulance,06390005401 06390005402 09454115323
Uttar Pradesh,Mirzapur,All,Rakshak Ambulance,06390005401 06390005402 09454115323
Uttar Pradesh,Varanasi,All,Rakshak Ambulance,06390005401 06390005402 09454115323
West Bengal,All over West Bengal,All,State Government Helpline,3340902929
West Bengal,Kolkata,All,State Government Helpline,03322197202 03322411255
West Bengal,Kolkata,South Kolkata,Bhai Ambulance,9432362856
West Bengal,Kolkata,South Kolkata,Uttam,9836035945
